{
  "project_info": {
    "project_number": "664178831355",
    "firebase_url": "https://fir-project-658d2-default-rtdb.firebaseio.com",
    "project_id": "fir-project-658d2",
    "storage_bucket": "fir-project-658d2.appspot.com"
  },
  "client": [
    {
      "client_info": {
        "mobilesdk_app_id": "1:664178831355:android:6eb47ba5f9a773bc82a55e",
        "android_client_info": {
          "package_name": "com.example.firebaseauthtemplate"
        }
      },
      "oauth_client": [],
      "api_key": [
        {
          "current_key": "AIzaSyA6z099enQYJYOn5m6KIEcfh6A81_Zx4Go"
        }
      ],
      "services": {
        "appinvite_service": {
          "other_platform_oauth_client": []
        }
      }
    },
    {
      "client_info": {
        "mobilesdk_app_id": "1:664178831355:android:170914ed571e1e8d82a55e",
        "android_client_info": {
          "package_name": "com.example.firestorervtemplate"
        }
      },
      "oauth_client": [],
      "api_key": [
        {
          "current_key": "AIzaSyA6z099enQYJYOn5m6KIEcfh6A81_Zx4Go"
        }
      ],
      "services": {
        "appinvite_service": {
          "other_platform_oauth_client": []
        }
      }
    }
  ],
  "configuration_version": "1"
}